{
    "shots": [
        "00025",
        "malibu399",
        "00375",
        "00075",
        "00175",
        "malibu50",
        "malibu100",
        "00125",
        "malibu150",
        "00225",
        "00275",
        "malibu200",
        "malibu300",
        "malibu250",
        "00325",
        "malibu350"
    ],
    "neighbors": {
        "0": [
            5,
            3
        ],
        "1": [
            2,
            15
        ],
        "2": [
            1,
            15
        ],
        "3": [
            5,
            6
        ],
        "4": [
            11,
            8
        ],
        "5": [
            0,
            3
        ],
        "6": [
            7,
            3
        ],
        "7": [
            6,
            8
        ],
        "8": [
            4,
            7
        ],
        "9": [
            13,
            11
        ],
        "10": [
            13,
            12
        ],
        "11": [
            4,
            9
        ],
        "12": [
            14,
            10
        ],
        "13": [
            9,
            10
        ],
        "14": [
            12,
            15
        ],
        "15": [
            2,
            14
        ]
    },
    "translation": [
        [
            0.08482064366472566,
            -0.4629491505759596,
            -1.5751104365228128
        ],
        [
            3.7476719156650775,
            0.18769110657526678,
            11.86355498631447
        ],
        [
            3.3662610574224017,
            0.24380442710129463,
            11.001433849330684
        ],
        [
            0.045242250554293276,
            -0.31388583124407,
            0.20105054207449305
        ],
        [
            0.3782704092778843,
            -0.0014859172661220925,
            3.93806140415972
        ],
        [
            0.04509330752246719,
            -0.38821679443609025,
            -0.6969765626968119
        ],
        [
            0.060477420160022416,
            -0.2312462901191748,
            1.134420467079498
        ],
        [
            0.13164612408805737,
            -0.15578115720285693,
            2.058068131465203
        ],
        [
            0.21840491616634558,
            -0.08580081982374062,
            3.0340613173889364
        ],
        [
            0.7971104510564273,
            0.07122772788532113,
            5.620401281377262
        ],
        [
            1.3844943932471943,
            0.1540977142855679,
            7.4255131755684936
        ],
        [
            0.561944696076504,
            0.042772604375966174,
            4.70904062615464
        ],
        [
            1.8315119251223875,
            0.12497163480745495,
            8.3743924800613
        ],
        [
            1.075441695798277,
            0.13733560677632306,
            6.512207680912248
        ],
        [
            2.2778922003578295,
            0.12189270593501186,
            9.259799580905888
        ],
        [
            2.84457863978637,
            0.23976074911361564,
            10.119558325180792
        ]
    ],
    "rotation": [
        [
            1.5333626306175545,
            0.07107498439501386,
            0.10136739616084678
        ],
        [
            1.5602279283369105,
            0.36775552112009247,
            -0.546663914795121
        ],
        [
            1.5571701070209816,
            0.36607222226017416,
            -0.49717441502042603
        ],
        [
            1.5385813039629532,
            0.08013597970015686,
            0.021618903180461745
        ],
        [
            1.5539373336739886,
            0.17429980682731952,
            -0.09981022287589053
        ],
        [
            1.5326639430945754,
            0.06565910588889129,
            0.05221704943686581
        ],
        [
            1.5398470173842982,
            0.08466436270434692,
            -0.026271239828403466
        ],
        [
            1.5481446973532673,
            0.11153471394223045,
            -0.0523353545030454
        ],
        [
            1.5554360059144268,
            0.13764866779656626,
            -0.07276452905223174
        ],
        [
            1.5613331377840263,
            0.20213471071068062,
            -0.20216572470724903
        ],
        [
            1.5613184301167569,
            0.22658581891304871,
            -0.31310329997647274
        ],
        [
            1.5566646684514942,
            0.194634580808237,
            -0.14105275427455322
        ],
        [
            1.5696015259520735,
            0.27808903030754156,
            -0.3466550939427703
        ],
        [
            1.5588121279673688,
            0.2183798039900526,
            -0.2542738181193122
        ],
        [
            1.5716616466864075,
            0.3040088269959937,
            -0.3972409764585506
        ],
        [
            1.5586745187897135,
            0.33241224156634475,
            -0.4555301043386666
        ]
    ]
}