{
    "shots": [
        "00025",
        "malibu399",
        "00375",
        "00075",
        "00175",
        "malibu50",
        "malibu100",
        "00125",
        "malibu150",
        "00225",
        "00275",
        "malibu200",
        "malibu300",
        "malibu250",
        "00325",
        "malibu350"
    ],
    "neighbors": {
        "0": [
            5,
            3
        ],
        "1": [
            2,
            15
        ],
        "2": [
            1,
            15
        ],
        "3": [
            5,
            6
        ],
        "4": [
            11,
            8
        ],
        "5": [
            0,
            3
        ],
        "6": [
            3,
            7
        ],
        "7": [
            6,
            8
        ],
        "8": [
            4,
            7
        ],
        "9": [
            11,
            13
        ],
        "10": [
            13,
            12
        ],
        "11": [
            4,
            9
        ],
        "12": [
            14,
            10
        ],
        "13": [
            9,
            10
        ],
        "14": [
            12,
            15
        ],
        "15": [
            2,
            14
        ]
    },
    "translation": [
        [
            0.019029772171973956,
            -0.3433379090455737,
            -1.8035719969851072
        ],
        [
            3.6155282096615373,
            0.3577104931782672,
            11.763777022594644
        ],
        [
            3.2389184807254603,
            0.3981441007393781,
            10.899451469815157
        ],
        [
            -0.019093663950188827,
            -0.18709568238789104,
            -0.03252251181799203
        ],
        [
            0.2939480612994959,
            0.12694996538067543,
            3.6979387003946345
        ],
        [
            -0.020928081817268046,
            -0.2624388206576447,
            -0.931603075690261
        ],
        [
            -0.002966821547304015,
            -0.104158171741337,
            0.8925006644120339
        ],
        [
            0.062083010055880496,
            -0.025479679790939447,
            1.8326657283824195
        ],
        [
            0.14489435520154176,
            0.04371347521185774,
            2.7929919930539917
        ],
        [
            0.7015378846797993,
            0.21001059283406057,
            5.408513716741881
        ],
        [
            1.279895578173701,
            0.30121664997463055,
            7.246587836556968
        ],
        [
            0.4706248863028653,
            0.17718919773970365,
            4.4943242959828975
        ],
        [
            1.7177885863644542,
            0.27291198880934353,
            8.219396706911192
        ],
        [
            0.974311377833178,
            0.2796503541554651,
            6.31410655893322
        ],
        [
            2.1616481665758975,
            0.2761667896824319,
            9.135671546306387
        ],
        [
            2.723273618980885,
            0.3960467924966381,
            10.010688640237916
        ]
    ],
    "rotation": [
        [
            1.5362279657219842,
            0.013406683267153014,
            0.14936882759262474
        ],
        [
            1.5669276185673888,
            0.3115449370725227,
            -0.4861249775045311
        ],
        [
            1.5641883733820834,
            0.3032177211722896,
            -0.4443460718936524
        ],
        [
            1.5419073980485931,
            0.02392083361336591,
            0.07551291524199832
        ],
        [
            1.5589147521587856,
            0.11828653009691116,
            -0.04037560901904817
        ],
        [
            1.5358781880641936,
            0.013205980830759424,
            0.10594886738321317
        ],
        [
            1.5424929400333007,
            0.030055457546894933,
            0.03109256103204052
        ],
        [
            1.5519617423632528,
            0.05551336002818095,
            0.004803691324455735
        ],
        [
            1.5594247513260007,
            0.08087213691928236,
            -0.01381206573961104
        ],
        [
            1.5659642390858954,
            0.14453895321090848,
            -0.14458378053767237
        ],
        [
            1.5658481256146597,
            0.16862200141989458,
            -0.2555640046636577
        ],
        [
            1.562664479015712,
            0.13451189593057786,
            -0.08553872170496174
        ],
        [
            1.575107242279103,
            0.21636217266645158,
            -0.29287575598864535
        ],
        [
            1.5640539765497625,
            0.15958473470731374,
            -0.19779134506192078
        ],
        [
            1.5777212058340442,
            0.2435797693036982,
            -0.34227964314806597
        ],
        [
            1.5650100356106502,
            0.27216037139543303,
            -0.40037057009429705
        ]
    ],