{
    "shots": [
        "00025",
        "malibu399",
        "00375",
        "00075",
        "00175",
        "malibu50",
        "malibu100",
        "00125",
        "malibu150",
        "00225",
        "00275",
        "malibu200",
        "malibu300",
        "malibu250",
        "00325",
        "malibu350"
    ],
    "neighbors": {
        "0": [
            5,
            3
        ],
        "1": [
            2,
            15
        ],
        "2": [
            1,
            15
        ],
        "3": [
            5,
            6
        ],
        "4": [
            11,
            8
        ],
        "5": [
            0,
            3
        ],
        "6": [
            3,
            7
        ],
        "7": [
            6,
            8
        ],
        "8": [
            4,
            7
        ],
        "9": [
            13,
            11
        ],
        "10": [
            13,
            12
        ],
        "11": [
            4,
            9
        ],
        "12": [
            14,
            10
        ],
        "13": [
            9,
            10
        ],
        "14": [
            12,
            15
        ],
        "15": [
            2,
            14
        ]
    },
    "translation": [
        [
            0.04706787513000362,
            -0.37769708144247544,
            -1.7341172904222528
        ],
        [
            3.9278726832020854,
            0.33945923807340955,
            12.632641790822342
        ],
        [
            3.518530388449909,
            0.3911192060260184,
            11.690047646651285
        ],
        [
            0.004320183612559354,
            -0.22314616490424638,
            0.12070466965457419
        ],
        [
            0.34318365065433293,
            0.10869919259217602,
            4.059461019747829
        ],
        [
            0.00579753483645517,
            -0.29503296612523977,
            -0.8186785338624204
        ],
        [
            0.027629087173744522,
            -0.13257997305853128,
            1.0924536169465693
        ],
        [
            0.1002827939138481,
            -0.04721997159701204,
            2.105522385412636
        ],
        [
            0.18856714638386837,
            0.027923106851697237,
            3.1672192168357065
        ],
        [
            0.7903506595313307,
            0.19327979984132035,
            5.899665992449139
        ],
        [
            1.4134551754629392,
            0.2865573044276124,
            7.832049415556696
        ],
        [
            0.5387073601228067,
            0.16044632912106363,
            4.931146288147057
        ],
        [
            1.8832467194907727,
            0.2561750423723718,
            8.84323201094146
        ],
        [
            1.0844598805655317,
            0.2643824685032782,
            6.844387268919226
        ],
        [
            2.3590850472490996,
            0.25649053600082833,
            9.807766350358035
        ],
        [
            2.962902097647667,
            0.3894384474577333,
            10.740509796751782
        ]
    ],
    "rotation": [
        [
            1.534525024223807,
            0.049291654950379474,
            0.1450143883323735
        ],
        [
            1.5652979188723168,
            0.3412448245974943,
            -0.5061322296624999
        ],
        [
            1.5621489390875194,
            0.33663702929522193,
            -0.45950135438841444
        ],
        [
            1.539632872499009,
            0.05717523280236422,
            0.06504109736653964
        ],
        [
            1.5566945845410316,
            0.13869654911457638,
            -0.06800967932975016
        ],
        [
            1.5345450461958117,
            0.04926336535233961,
            0.10055088235225185
        ],
        [
            1.5418910277126763,
            0.06860832544044156,
            0.025804148021791092
        ],
        [
            1.5518565183689785,
            0.0944858506582282,
            -0.00042274912429824985
        ],
        [
            1.5602389994766659,
            0.12372970481272935,
            -0.01867618404926984
        ],
        [
            1.564158743520386,
            0.1691146981088144,
            -0.1691074551954693
        ],
        [
            1.564007919027596,
            0.19487784208758557,
            -0.27782074622938885
        ],
        [
            1.5597592644268106,
            0.16038911818049303,
            -0.10873747719588388
        ],
        [
            1.5722128142389347,
            0.24552786555825742,
            -0.31213485571033894
        ],
        [
            1.5613088003302678,
            0.18574019595655886,
            -0.21989699939933469
        ],
        [
            1.5748776856424698,
            0.2717361915483091,
            -0.3622101298422874
        ],
        [
            1.5628147010121707,
            0.3056286224553908,
            -0.415019349119976
        ]
    ],