{
    "shots": [
        "00025",
        "malibu399",
        "00375",
        "00075",
        "00175",
        "malibu50",
        "malibu100",
        "00125",
        "malibu150",
        "00225",
        "00275",
        "malibu200",
        "malibu300",
        "malibu250",
        "00325",
        "malibu350"
    ],
    "neighbors": {
        "0": [
            5,
            3
        ],
        "1": [
            2,
            15
        ],
        "2": [
            1,
            15
        ],
        "3": [
            5,
            6
        ],
        "4": [
            11,
            8
        ],
        "5": [
            0,
            3
        ],
        "6": [
            3,
            7
        ],
        "7": [
            6,
            8
        ],
        "8": [
            4,
            7
        ],
        "9": [
            13,
            11
        ],
        "10": [
            13,
            12
        ],
        "11": [
            4,
            9
        ],
        "12": [
            14,
            10
        ],
        "13": [
            9,
            10
        ],
        "14": [
            12,
            15
        ],
        "15": [
            2,
            14
        ]
    },
    "translation": [
        [
            0.0658121159349184,
            -0.3821243266901465,
            -1.5554564274015323
        ],
        [
            3.5800495508202292,
            0.2560852205301244,
            11.453912484218659
        ],
        [
            3.211761794140301,
            0.29585623827651436,
            10.620455682007076
        ],
        [
            0.033251816661939174,
            -0.2389956732711749,
            0.13908709218770016
        ],
        [
            0.33560468756983936,
            0.04976393997329433,
            3.7314934926772856
        ],
        [
            0.030787000132080668,
            -0.3101927654521239,
            -0.7217115469564622
        ],
        [
            0.049224408476899933,
            -0.15938073176247256,
            1.0245817374525705
        ],
        [
            0.10845053091486002,
            -0.09166776254916538,
            1.9431592990551723
        ],
        [
            0.19269468434463635,
            -0.022715053042227245,
            2.91458238308262
        ],
        [
            0.7368900248058765,
            0.12146811858584373,
            5.350944882692602
        ],
        [
            1.3002855728495535,
            0.2057636446362086,
            7.1024677688418905
        ],
        [
            0.5104328691607563,
            0.09385767481726874,
            4.473428506591088
        ],
        [
            1.7276318611345352,
            0.17773725764311718,
            8.027627810977314
        ],
        [
            1.0030234094495334,
            0.18621021421476266,
            6.207769287033806
        ],
        [
            2.1575904595590507,
            0.17802404351492976,
            8.895923549103697
        ],
        [
            2.7071950150599577,
            0.29611628791637845,
            9.760169391264428
        ]
    ],
    "rotation": [
        [
            1.5366985780940061,
            0.06318281636450183,
            0.16067890296603474
        ],
        [
            1.5651348420631224,
            0.3408489643571888,
            -0.5037314866801373
        ],
        [
            1.5623100635233622,
            0.3312399730963771,
            -0.46247934506613325
        ],
        [
            1.5429553407388994,
            0.07080874287871892,
            0.08306216378551691
        ],
        [
            1.5568041849669583,
            0.13955780508170113,
            -0.0652236034140896
        ],
        [
            1.5361655541363308,
            0.060600717074806396,
            0.11497767587905477
        ],
        [
            1.5448031323533693,
            0.0781534248408849,
            0.038107541112995004
        ],
        [
            1.5524232835543248,
            0.09457847815640036,
            -0.00015091893264558657
        ],
        [
            1.5610984405365198,
            0.12364110230966857,
            -0.017241391548402676
        ],
        [
            1.5642747620929036,
            0.1675615874283814,
            -0.16754687883211888
        ],
        [
            1.56445922435904,
            0.19281565893447966,
            -0.27710816771868135
        ],
        [
            1.5600039550451044,
            0.16097189123770558,
            -0.10555514100404292
        ],
        [
            1.5726422990748612,
            0.24347317119056328,
            -0.3114268233331799
        ],
        [
            1.5615767886710572,
            0.18356499738826015,
            -0.21915369450912903
        ],
        [
            1.575191770151361,
            0.26981073513186055,
            -0.36136851812183957
        ],
        [
            1.56307601281601,
            0.3005769770805375,
            -0.4173950932254953
        ]
    ],