{
    "shots": [
        "00025",
        "malibu50",
        "00075",
        "00225",
        "00275",
        "malibu150",
        "malibu399",
        "00325",
        "00375",
        "malibu250",
        "malibu300",
        "00175",
        "malibu350",
        "malibu200",
        "00125",
        "malibu100"
    ],
    "neighbors": {
        "0": [
            1,
            2
        ],
        "1": [
            0,
            2
        ],
        "2": [
            1,
            15
        ],
        "3": [
            9,
            13
        ],
        "4": [
            9,
            10
        ],
        "5": [
            11,
            14
        ],
        "6": [
            8,
            12
        ],
        "7": [
            10,
            12
        ],
        "8": [
            6,
            12
        ],
        "9": [
            3,
            4
        ],
        "10": [
            7,
            4
        ],
        "11": [
            13,
            5
        ],
        "12": [
            7,
            8
        ],
        "13": [
            11,
            3
        ],
        "14": [
            15,
            5
        ],
        "15": [
            2,
            14
        ]
    },
    "translation": [
        [
            0.6454602265916063,
            -0.057605324440346176,
            -6.632105755689465
        ],
        [
            0.478657056567259,
            0.0069558779160178354,
            -5.833438602396611
        ],
        [
            0.35219997868003444,
            0.0947231708675462,
            -4.991138659584964
        ],
        [
            -0.03494477878117381,
            0.5898113608892309,
            0.09484042271670265
        ],
        [
            0.1033119905014186,
            0.7289507726596154,
            1.9099098825405476
        ],
        [
            0.05213683893591146,
            0.38258326316704616,
            -2.3957722198330225
        ],
        [
            1.2063609573213228,
            1.0126306861034284,
            6.513261212312952
        ],
        [
            0.4417774517143125,
            0.8314813486664021,
            3.798787879430545
        ],
        [
            0.9834138581351883,
            0.9841524882531432,
            5.6392751903660665
        ],
        [
            0.013267473393044642,
            0.6635506792978527,
            0.9821993223326194
        ],
        [
            0.24817634992243887,
            0.776806275766701,
            2.867846843369605
        ],
        [
            -0.015858950960187492,
            0.4553979741099056,
            -1.57768877657
        ],
        [
            0.7127999780901147,
            0.939544518013254,
            4.716109429137235
        ],
        [
            -0.044313168996914384,
            0.5206542613982578,
            -0.8203509023157403
        ],
        [
            0.12365246202370274,
            0.2815900987250047,
            -3.2847001271766363
        ],
        [
            0.22012588800353125,
            0.16353781615793497,
            -4.140045263291825
        ]
    ],
    "rotation": [
        [
            1.5343517881529656,
            -0.09472860382756332,
            0.2619950826134304
        ],
        [
            1.5348315983407752,
            -0.0923741853870613,
            0.22092685053356878
        ],
        [
            1.540980646260868,
            -0.08167256292643384,
            0.1904518388997838
        ],
        [
            1.5705262346993452,
            0.033906170461333415,
            -0.03391984919762178
        ],
        [
            1.5696028779763733,
            0.05713628477624089,
            -0.14704427594883826
        ],
        [
            1.561503872921031,
            -0.02536034009213831,
            0.10263741911086711
        ],
        [
            1.5789095675432914,
            0.2085547231876262,
            -0.3686585819822492
        ],
        [
            1.5862225087472772,
            0.13559581797944353,
            -0.2287244947594621
        ],
        [
            1.5760064444380673,
            0.19832861228914705,
            -0.32812492950209005
        ],
        [
            1.568214972204297,
            0.04995563700595934,
            -0.08659182428374707
        ],
        [
            1.582973401018701,
            0.11118654451109651,
            -0.17692158681637768
        ],
        [
            1.563217619061997,
            0.012489304788218138,
            0.07688336172313412
        ],
        [
            1.5753167453361048,
            0.16804859733025346,
            -0.2837929360177944
        ],
        [
            1.5666600510810937,
            0.027148935166049565,
            0.028979982133258628
        ],
        [
            1.5523930675812891,
            -0.05019880445450791,
            0.12277933171714812
        ],
        [
            1.541452365859612,
            -0.07678366712793724,
            0.14580221909153632
        ]
    ],